{
  "players": [
    "MrWhite",
    "MrPink",
    "MrBrown",
    "Pluribus",
    "MrBlue",
    "MrBlonde",
    "MrOrange",
    "Eddie",
    "Joe",
    "Bill",
    "Budd",
    "Gogo",
    "ORen",
    "Hattori"
  ],
  "labels": [
    1,
    0,
    3,
    0,
    2,
    3,
    3,
    0,
    1,
    2,
    1,
    2,
    0,
    2
  ],
  "feature_keys": [
    "vpip",
    "pfr",
    "agg_freq",
    "fold_facing_bet",
    "median_fold_eq",
    "median_continue_eq",
    "bluff_rate",
    "value_rate",
    "size_eq_corr"
  ],
  "features": [
    [
      0.23638743455497382,
      0.2081151832460733,
      0.23352304020561776,
      0.7597218645377286,
      0.17666666666666667,
      0.32625,
      0.5330188679245284,
      0.2617924528301887,
      -0.2439277865588804
    ],
    [
      0.24827850038255547,
      0.2086840091813313,
      0.26030137351646887,
      0.7433545488581056,
      0.1775,
      0.36,
      0.5148565573770492,
      0.2817622950819672,
      -0.19663547828277134
    ],
    [
      0.23853989813242785,
      0.18590831918505943,
      0.22378441710603397,
      0.7533003300330033,
      0.175,
      0.36,
      0.5130890052356021,
      0.2774869109947644,
      -0.24090298897683465
    ],
    [
      0.25610179294389823,
      0.2092539039907461,
      0.2518118859719762,
      0.7362276127862163,
      0.175,
      0.3433333333333334,
      0.5334186120882635,
      0.26990725935401344,
      -0.1639298990877273
    ],
    [
      0.2906727249779124,
      0.2234002271866717,
      0.24784981806152828,
      0.7057877813504824,
      0.17300000000000001,
      0.33166666666666667,
      0.5492158825492158,
      0.27627627627627627,
      -0.22966800620580405
    ],
    [
      0.21582075903063558,
      0.20164609053497942,
      0.22018030513176146,
      0.7824116047144152,
      0.18,
      0.3623333333333333,
      0.49763779527559054,
      0.24566929133858267,
      -0.2340910790613849
    ],
    [
      0.19838056680161945,
      0.1737776393646839,
      0.20824789245841877,
      0.8004626060138782,
      0.18333333333333332,
      0.36,
      0.4803063457330416,
      0.2800875273522976,
      -0.17783450049850025
    ],
    [
      0.25678233438485804,
      0.20862250262881177,
      0.2601303485406631,
      0.7328009828009828,
      0.17833333333333334,
      0.3383333333333333,
      0.5157952069716776,
      0.30718954248366015,
      -0.17474029973519709
    ],
    [
      0.22833458929917105,
      0.2079879427279578,
      0.25541365907828983,
      0.7660208643815202,
      0.17183333333333334,
      0.33,
      0.558695652173913,
      0.2565217391304348,
      -0.34170467467978355
    ],
    [
      0.26555517359917497,
      0.23581986937091784,
      0.27879004406335595,
      0.7297068293509574,
      0.18125000000000002,
      0.3375,
      0.5459205467748826,
      0.2550192225544639,
      -0.21140405474171564
    ],
    [
      0.23840445269016697,
      0.2193877551020408,
      0.25975325108369457,
      0.7598714416896235,
      0.18,
      0.34125,
      0.5263157894736842,
      0.2798459563543004,
      -0.2708808019585451
    ],
    [
      0.2997601918465228,
      0.2733812949640288,
      0.3185419968304279,
      0.6735632183908046,
      0.17250000000000001,
      0.31937499999999996,
      0.5422885572139303,
      0.25870646766169153,
      -0.24204923974163334
    ],
    [
      0.24808575803981622,
      0.1990811638591118,
      0.2605042016806723,
      0.7488721804511278,
      0.17833333333333334,
      0.34,
      0.5161290322580645,
      0.2862903225806452,
      -0.22247128437617664
    ],
    [
      0.2596071733561059,
      0.21178479931682323,
      0.24295774647887325,
      0.7349498327759197,
      0.1716666666666667,
      0.345,
      0.5458937198067633,
      0.2463768115942029,
      -0.2359157300224133
    ]
  ],
  "k": 4
}