{
  "cells": 349,
  "samples": 24,
  "seed": 7,
  "results": {
    "base (V41)": {
      "agree": 0.4040114613180516,
      "over": 208,
      "under": 0,
      "means": {
        "5": 0.6951743273079437,
        "6": 0.6622710540094591,
        "7": 0.6936653041821169,
        "8": 0.6816382373279223,
        "9": 0.6879514256155077,
        "10": 0.6908908929121624,
        "12": 0.6780725046846438,
        "15": 0.6767830858689577,
        "20": 0.6668379710454588
      },
      "slope": -0.028336356262484874
    },
    "T-M9 allin-by-chips": {
      "agree": 0.4040114613180516,
      "over": 208,
      "under": 0,
      "means": {
        "5": 0.658407336858888,
        "6": 0.6904977354146755,
        "7": 0.6665653683485898,
        "8": 0.686146705304325,
        "9": 0.6822532321653932,
        "10": 0.6773713105264456,
        "12": 0.6873284675391659,
        "15": 0.69980229939831,
        "20": 0.7043024432879882
      },
      "slope": 0.04589510642910022
    },
    "risk 0.10": {
      "agree": 0.4040114613180516,
      "over": 208,
      "under": 0,
      "means": {
        "5": 0.692777526997921,
        "6": 0.6971802770893946,
        "7": 0.7082978558185683,
        "8": 0.6989606863584598,
        "9": 0.6912096478844051,
        "10": 0.6824864828442794,
        "12": 0.6978223665946889,
        "15": 0.687782875516201,
        "20": 0.7202931092360638
      },
      "slope": 0.027515582238142877
    },
    "risk 0.20": {
      "agree": 0.40974212034383956,
      "over": 206,
      "under": 0,
      "means": {
        "5": 0.6398383142064453,
        "6": 0.6674850306481062,
        "7": 0.6651242006370294,
        "8": 0.659830579223959,
        "9": 0.6665534818015773,
        "10": 0.6734211915361179,
        "12": 0.6840985852467294,
        "15": 0.6659837541717666,
        "20": 0.6608440228935392
      },
      "slope": 0.021005708687093838
    },
    "risk 0.25": {
      "agree": 0.4068767908309456,
      "over": 207,
      "under": 0,
      "means": {
        "5": 0.6217948533423753,
        "6": 0.627140929336781,
        "7": 0.645173925825629,
        "8": 0.6517568581733131,
        "9": 0.6381983428222544,
        "10": 0.6352483592995394,
        "12": 0.6395684744852306,
        "15": 0.6684804000372527,
        "20": 0.6593513855710584
      },
      "slope": 0.03755653222868316
    },
    "clip 100": {
      "agree": 0.4040114613180516,
      "over": 208,
      "under": 0,
      "means": {
        "5": 0.6678699607548567,
        "6": 0.6587548315475148,
        "7": 0.6813493443845771,
        "8": 0.6791219695223477,
        "9": 0.6837546833917489,
        "10": 0.6824524774694094,
        "12": 0.6736070723399572,
        "15": 0.6943459658162637,
        "20": 0.6925055959254026
      },
      "slope": 0.0246356351705459
    },
    "veto off": {
      "agree": 0.4040114613180516,
      "over": 208,
      "under": 0,
      "means": {
        "5": 0.6726444289580944,
        "6": 0.6605465002647571,
        "7": 0.6747213113612401,
        "8": 0.6731735159176693,
        "9": 0.6986723634132748,
        "10": 0.6837466706705746,
        "12": 0.6776080948725375,
        "15": 0.7008516778369213,
        "20": 0.6857193757903572
      },
      "slope": 0.013074946832262846
    },
    "discount off": {
      "agree": 0.4040114613180516,
      "over": 208,
      "under": 0,
      "means": {
        "5": 0.6754347879008271,
        "6": 0.673098942381591,
        "7": 0.6740518463748356,
        "8": 0.6846580796911889,
        "9": 0.6742499302346879,
        "10": 0.7042271960502916,
        "12": 0.6685491505255635,
        "15": 0.6969970549161794,
        "20": 0.6857337841593737
      },
      "slope": 0.010298996258546578
    },
    "discount per-risk": {
      "agree": 0.4040114613180516,
      "over": 208,
      "under": 0,
      "means": {
        "5": 0.6510143108045606,
        "6": 0.6776129255330313,
        "7": 0.6781463041240954,
        "8": 0.6661722504100511,
        "9": 0.6663424695551203,
        "10": 0.6595438969163366,
        "12": 0.6871621897910287,
        "15": 0.6569645658836437,
        "20": 0.6856362294323098
      },
      "slope": 0.034621918627749215
    },
    "per-risk + T-M9": {
      "agree": 0.4040114613180516,
      "over": 208,
      "under": 0,
      "means": {
        "5": 0.6472055774212171,
        "6": 0.6541446455325707,
        "7": 0.66400840263579,
        "8": 0.6921941088808621,
        "9": 0.6675460554857565,
        "10": 0.6419212292567424,
        "12": 0.6822823709993192,
        "15": 0.6768680024698547,
        "20": 0.6787057006831277
      },
      "slope": 0.03150012326191065
    },
    "per-risk + T-M9 + clip100": {
      "agree": 0.4040114613180516,
      "over": 208,
      "under": 0,
      "means": {
        "5": 0.6673367548063361,
        "6": 0.6670027869927855,
        "7": 0.6643803850432032,
        "8": 0.6735252596984201,
        "9": 0.6832373163322358,
        "10": 0.67838970303607,
        "12": 0.6602627695082148,
        "15": 0.6857634931816453,
        "20": 0.660850250011378
      },
      "slope": -0.006486504794958159
    }
  }
}