{
    "timestamp": "20260721_094752",
    "chosen_action": "FOLD",
    "bet_size": 0.0,
    "reason": "V40 CRITIC-ARGMAX(Q) -> FOLD: {FOLD 1.00, CALL 0.00, RAISE_33 0.00, RAISE_66 0.00, RAISE_POT 0.00, ALLIN 0.00}",
    "actor_policy": {
        "FOLD": 0.9995003938674927,
        "CALL": 0.0004994607297703624,
        "RAISE_33": 8.494649250678776e-08,
        "RAISE_66": 2.2132836008381673e-08,
        "RAISE_POT": 3.310304919068585e-08,
        "ALLIN": 4.375421358560061e-09
    },
    "critic_q_vals": {
        "FOLD": -0.0016539990901947021,
        "CALL": -1.2423601150512695,
        "RAISE_33": -1.5542603731155396,
        "RAISE_66": -1.2701067924499512,
        "RAISE_POT": -1.715269684791565,
        "ALLIN": -27.21990966796875
    },
    "equity": 0.2886666666666666,
    "equity_meta": {
        "method": "vs-random",
        "opp_colors": null,
        "num_opponents": 5,
        "hand_strength": 0.5,
        "value": 0.2886666666666666,
        "equity_edge": 1.7319999999999998
    },
    "context_vector": [
        0.0,
        0.095,
        0.003,
        0.2886666666666666,
        0.0,
        0.5,
        0.0,
        0.45,
        0.63
    ],
    "context_labeled": {
        "position": 0.0,
        "bankroll": 0.095,
        "pot": 0.003,
        "equity": 0.2886666666666666,
        "pot_odds": 0.0,
        "num_opponents": 0.5,
        "street_level": 0.0,
        "opp_vpip_norm": 0.45,
        "opp_agg_norm": 0.63
    },
    "model_seen": {
        "position": 0.0,
        "hero_stack_bb": 190.0,
        "pot_bb": 6.0,
        "equity": 0.289,
        "pot_odds": 0.4,
        "num_active": 5,
        "street": "Preflop",
        "to_call_bb": 4.0,
        "equity_edge": 1.732,
        "hand_strength": 0.5
    },
    "decision_path": {
        "preflop_chart": {
            "status": "Bypassed",
            "details": "Deprecated in V8/V9"
        },
        "active_model": {
            "status": "Active",
            "details": "Loaded Herocules (v40)"
        },
        "bluff_engine": {
            "status": "Passed",
            "details": "Handled natively by V8/V9"
        },
        "math_engine": {
            "status": "Passed",
            "details": "Math checks out OK"
        }
    },
    "table_state": {
        "community_cards": [],
        "hero_cards": [
            "Tc",
            "Ts"
        ],
        "pot_size": 45,
        "hero_stack": 1425,
        "opponents": {
            "seat_1": {
                "name": "Ste412",
                "stack": 1400,
                "is_active": true,
                "state": "Active",
                "vpip_color": "Yellow",
                "agg_color": "Green"
            },
            "seat_2": {
                "name": "brokerapple246",
                "stack": 1073,
                "is_active": true,
                "state": "Active",
                "vpip_color": "Yellow",
                "agg_color": "Green"
            },
            "seat_3": {
                "name": "OpaDonkaStyle",
                "stack": 1200,
                "is_active": true,
                "state": "Active",
                "vpip_color": "Yellow",
                "agg_color": "Yellow"
            },
            "seat_4": {
                "name": "FredyHoral",
                "stack": 1633,
                "is_active": true,
                "state": "Active",
                "vpip_color": "Green",
                "agg_color": "Blue"
            },
            "seat_5": {
                "name": "Sanoj86",
                "stack": 2119,
                "is_active": true,
                "state": "Active",
                "vpip_color": "Red",
                "agg_color": "Green"
            }
        },
        "num_active_players": 5,
        "active_buttons": [
            "button_fold"
        ],
        "street": "Preflop",
        "dealer_name": "",
        "dealer_idx": 0,
        "hero_position": 0,
        "action_history": [],
        "opp_vpip_norm": 0.45,
        "opp_agg_norm": 0.63,
        "big_blind": 30.0
    },
    "hand_history_len": 1
}